,UPosTag,Animacy,Number,Case,Gender,UPosTag.1,Number.1,Person,Case.1,Gender.1,delta,label
0,NOUN,Inan,Sing,Ins,Masc,PRON,Sing,3.0,Gen,Masc,4,1
1,NOUN,Anim,Plur,Loc,Masc,PRON,Sing,3.0,Gen,Masc,6,1
2,NOUN,Inan,Sing,Nom,Neut,PRON,Sing,3.0,Gen,Masc,8,0
3,NOUN,Inan,Sing,Gen,Fem,DET,,,,,7,0
4,NOUN,Inan,Sing,Nom,Masc,PRON,Plur,3.0,Gen,,12,1
5,NOUN,Inan,Plur,Acc,Masc,PRON,Plur,3.0,Gen,,4,1
6,NOUN,Anim,Sing,Gen,Masc,PRON,Plur,3.0,Acc,,3,0
7,NOUN,Inan,Plur,Gen,Masc,PRON,Plur,3.0,Acc,,6,0
8,NOUN,Inan,Sing,Loc,Fem,DET,,,,,2,1
9,NOUN,Inan,Plur,Acc,Masc,DET,,,,,2,1
10,NOUN,Inan,Sing,Nom,Neut,DET,,,,,5,1
11,NOUN,Inan,Sing,Gen,Fem,DET,,,,,16,1
12,NOUN,Inan,Plur,Gen,Masc,DET,,,,,2,1
13,ADV,,,,,DET,,,,,9,1
14,NOUN,Inan,Plur,Nom,Fem,DET,,,,,5,1
15,NOUN,Inan,Sing,Gen,Masc,DET,,,,,25,1
16,NOUN,Inan,Plur,Nom,Fem,DET,,,,,6,1
17,PROPN,Anim,Sing,Loc,Neut,DET,,,,,19,1
18,NOUN,Inan,Sing,Ins,Fem,DET,,,,,10,1
19,NOUN,Inan,Sing,Ins,Fem,DET,,,,,21,1
20,NOUN,Inan,Plur,Gen,Masc,DET,,,,,6,1
21,NOUN,Inan,Plur,Gen,Neut,DET,,,,,5,1
22,NOUN,Inan,Sing,Gen,Fem,DET,,,,,16,1
23,NOUN,Inan,Plur,Nom,Neut,DET,,,,,15,1
24,NOUN,Inan,Sing,Ins,Fem,DET,,,,,1,1
25,NOUN,Inan,Sing,Acc,Masc,DET,,,,,4,1
26,NOUN,Inan,Sing,Acc,Masc,DET,,,,,21,1
27,NOUN,Inan,Plur,Acc,Masc,DET,,,,,5,1
28,NOUN,Inan,Sing,Gen,Neut,PRON,Plur,3.0,Acc,,9,0
29,NOUN,Inan,Plur,Loc,Fem,DET,,,,,1,0
30,NOUN,Inan,Plur,Gen,Masc,DET,,,,,7,0
31,NOUN,Inan,Plur,Acc,Masc,PRON,Plur,3.0,Acc,,10,0
32,NOUN,Inan,Sing,Acc,Masc,DET,,,,,5,0
33,NOUN,Inan,Plur,Acc,Neut,PRON,Plur,3.0,Nom,,7,0
34,NOUN,Inan,Sing,Gen,Neut,PRON,Plur,3.0,Gen,,5,0
35,NOUN,Inan,Sing,Nom,Fem,DET,,,,,5,0
36,NOUN,Inan,Sing,Nom,Fem,ADV,,,,,9,0
37,NOUN,Inan,Sing,Nom,Masc,DET,,,,,6,0
38,NOUN,Inan,Sing,Gen,Fem,DET,,,,,3,0
39,NOUN,Inan,Sing,Ins,Masc,DET,,,,,1,0
40,NOUN,Inan,Plur,Gen,Fem,DET,,,,,5,0
41,NOUN,Inan,Sing,Gen,Fem,DET,,,,,9,0
42,NOUN,Inan,Sing,Loc,Fem,DET,,,,,9,0
43,NOUN,Inan,Sing,Acc,Fem,DET,,,,,3,0
44,NOUN,Inan,Sing,Nom,Neut,PRON,Plur,3.0,Acc,,8,0
45,NOUN,Inan,Sing,Gen,Fem,DET,,,,,4,0
46,NOUN,Inan,Sing,Loc,Neut,PRON,Plur,3.0,Acc,,3,0
47,NOUN,Inan,Sing,Nom,Neut,PRON,Plur,3.0,Acc,,2,0
48,NOUN,Inan,Plur,Gen,Masc,DET,,,,,18,1
49,NOUN,Inan,Sing,Ins,Fem,DET,,,,,3,1
50,NOUN,Inan,Plur,Gen,Masc,DET,,,,,4,1
51,NOUN,Inan,Plur,Gen,Masc,PRON,Sing,3.0,Gen,Masc,24,1
52,NOUN,Inan,Plur,Gen,Masc,DET,,,,,30,1
53,NOUN,Inan,Sing,Gen,Neut,DET,,,,,4,1
54,NOUN,Inan,Sing,Gen,Masc,DET,,,,,2,1
55,NOUN,Inan,Sing,Gen,Masc,PRON,Sing,3.0,Gen,Masc,6,1
56,NOUN,Inan,Sing,Gen,Masc,DET,,,,,6,1
57,VERB,,Sing,,,DET,,,,,5,1
58,VERB,,Sing,,,PRON,Sing,3.0,Gen,Masc,11,1
59,NOUN,Inan,Sing,Nom,Masc,DET,,,,,9,1
60,NOUN,Inan,Sing,Gen,Neut,DET,,,,,4,1
61,NOUN,Inan,Sing,Gen,Fem,DET,,,,,3,1
62,NOUN,Anim,Sing,Acc,Masc,DET,,,,,3,1
63,NOUN,Inan,Sing,Gen,Fem,DET,,,,,2,1
64,NOUN,Anim,Sing,Nom,Masc,DET,,,,,1,1
65,NOUN,Inan,Sing,Gen,Neut,DET,,,,,10,1
66,NOUN,Inan,Sing,Gen,Fem,DET,,,,,3,1
67,NOUN,Inan,Sing,Gen,Neut,DET,,,,,3,1
68,PROPN,Anim,Sing,Nom,Masc,DET,,,,,12,1
69,NOUN,Anim,Sing,Acc,Masc,DET,,,,,4,1
70,NOUN,Inan,Sing,Gen,Neut,DET,,,,,11,1
71,NOUN,Anim,Sing,Acc,Masc,DET,,,,,14,1
72,NOUN,Inan,Sing,Nom,Neut,DET,,,,,5,1
73,NOUN,Anim,Sing,Acc,Masc,DET,,,,,7,1
74,ADP,,,,,DET,,,,,3,1
75,ADJ,,Sing,Gen,Fem,DET,,,,,3,1
76,ADJ,,Sing,Gen,Masc,DET,,,,,6,1
77,VERB,,Sing,,,DET,,,,,8,1
78,NOUN,Inan,Sing,Gen,Neut,DET,,,,,15,1
79,NOUN,Inan,Sing,Acc,Neut,DET,,,,,10,0
80,NOUN,Inan,Sing,Ins,Masc,PRON,Plur,3.0,Nom,,4,0
81,NOUN,Inan,Sing,Loc,Masc,PRON,Sing,3.0,Nom,Masc,8,0
82,NOUN,Inan,Sing,Nom,Neut,DET,,,,,4,0
83,NOUN,Inan,Sing,Nom,Neut,DET,,,,,4,0
84,NOUN,Inan,Sing,Loc,Fem,DET,,,,,9,0
85,NOUN,Inan,Sing,Gen,Neut,DET,,,,,7,0
86,NOUN,Inan,Plur,Ins,Masc,DET,,,,,3,0
87,NOUN,Inan,Plur,Ins,Masc,DET,,,,,3,0
88,NOUN,Inan,Sing,Ins,Fem,DET,,,,,2,0
89,NOUN,Inan,Sing,Gen,Masc,DET,,,,,6,0
90,NOUN,Inan,Sing,Ins,Masc,DET,,,,,8,0
91,NOUN,Inan,Plur,Gen,Fem,DET,,,,,7,0
92,NOUN,Inan,Sing,Nom,Neut,DET,,,,,6,0
93,NOUN,Inan,Sing,Gen,Neut,DET,,,,,3,0
94,NOUN,Inan,Plur,Acc,Neut,DET,,,,,1,0
95,NOUN,Inan,Sing,Ins,Neut,DET,,,,,3,0
96,NOUN,Inan,Sing,Loc,Masc,PRON,Sing,3.0,Gen,Masc,6,0
97,NOUN,Inan,Sing,Nom,Masc,DET,,,,,1,0
98,NOUN,Inan,Sing,Gen,Neut,DET,,,,,1,0
99,NOUN,Inan,Sing,Gen,Fem,ADV,,,,,5,0
100,NOUN,Inan,Sing,Nom,Fem,DET,,,,,5,0
101,NOUN,Inan,Plur,Nom,Masc,DET,,,,,8,0
102,NOUN,Anim,Sing,Nom,Masc,DET,,,,,4,0
103,NOUN,Inan,Sing,Gen,Masc,DET,,,,,9,0
104,NOUN,Inan,Sing,Ins,Fem,DET,,,,,5,0
105,NOUN,Inan,Plur,Acc,Fem,DET,,,,,3,0
106,NOUN,Inan,Sing,Gen,Neut,DET,,,,,7,0
107,NOUN,Inan,Sing,Acc,Neut,DET,,,,,1,0
108,NOUN,Inan,Sing,Dat,Fem,DET,,,,,8,0
109,NOUN,Inan,Plur,Gen,Masc,DET,,,,,7,0
110,NOUN,Inan,Plur,Acc,Fem,PRON,Plur,3.0,Acc,,1,1
111,NOUN,Inan,Plur,Dat,Masc,PRON,Plur,3.0,Acc,,7,1
112,ADJ,,Sing,Gen,Fem,PRON,Plur,3.0,Acc,,4,1
113,PRON,,Plur,Nom,,PRON,Plur,3.0,Acc,,2,1
114,PROPN,Inan,Sing,Gen,Fem,PRON,Plur,3.0,Acc,,2,1
115,NOUN,Inan,Sing,Ins,Neut,PRON,Plur,3.0,Acc,,1,1
116,NOUN,Inan,Sing,Gen,Fem,DET,,,,,1,0
117,NOUN,Inan,Plur,Gen,Neut,PRON,Plur,3.0,Acc,,1,0
118,NOUN,Inan,Plur,Gen,Masc,DET,,,,,4,0
119,NOUN,Inan,Plur,Gen,Neut,DET,,,,,5,0
120,NOUN,Inan,Sing,Loc,Fem,PRON,Plur,3.0,Acc,,4,0
121,NOUN,Anim,Sing,Gen,Fem,PRON,Plur,3.0,Acc,,5,0
122,NOUN,Inan,Plur,Gen,Masc,PRON,Plur,3.0,Acc,,25,1
123,NOUN,Inan,Plur,Gen,Fem,PRON,Plur,3.0,Acc,,2,1
124,NOUN,Inan,Sing,Ins,Masc,PRON,Plur,3.0,Acc,,15,1
125,NOUN,Inan,Sing,Gen,Neut,PRON,Plur,3.0,Acc,,9,1
126,NOUN,Inan,Plur,Gen,Masc,PRON,Plur,3.0,Acc,,12,1
127,NOUN,Inan,Sing,Gen,Fem,PRON,Plur,3.0,Acc,,3,1
128,NOUN,Inan,Sing,Nom,Masc,PRON,Plur,3.0,Acc,,10,1
129,NOUN,Inan,Plur,Gen,Masc,PRON,Plur,3.0,Acc,,3,1
130,NOUN,Inan,Sing,Acc,Neut,PRON,Plur,3.0,Acc,,3,1
131,NOUN,Inan,Sing,Dat,Neut,PRON,Plur,3.0,Acc,,2,1
132,NOUN,Inan,Plur,Gen,Fem,PRON,Plur,3.0,Acc,,2,1
133,NOUN,Inan,Sing,Gen,Fem,PRON,Plur,3.0,Acc,,1,1
134,NOUN,Inan,Sing,Gen,Neut,PRON,Plur,3.0,Acc,,1,1
135,ADP,,,,,PRON,Plur,3.0,Acc,,7,1
136,NOUN,Anim,Plur,Nom,Masc,PRON,Plur,3.0,Acc,,6,1
137,NOUN,Inan,Sing,Nom,Fem,DET,,,,,1,0
138,NOUN,Inan,Sing,Gen,Fem,PRON,Plur,3.0,Acc,,1,0
139,NOUN,Anim,Sing,Nom,Masc,DET,,,,,5,0
140,NOUN,Inan,Plur,Acc,Neut,PRON,Plur,3.0,Acc,,2,0
141,NOUN,Inan,Sing,Ins,Masc,DET,,,,,2,0
142,NOUN,Inan,Sing,Nom,Masc,DET,,,,,1,0
143,NOUN,Inan,Plur,Nom,Fem,PRON,Plur,3.0,Acc,,3,0
144,NOUN,Inan,Sing,Ins,Fem,PRON,Sing,3.0,Nom,Masc,2,0
145,NOUN,Inan,Sing,Gen,Neut,DET,,,,,1,0
146,NOUN,Inan,Sing,Gen,Neut,DET,,,,,9,0
147,NOUN,Inan,Sing,Acc,Neut,DET,,,,,7,0
148,NOUN,Inan,Sing,Acc,Fem,PRON,Plur,3.0,Acc,,4,0
149,NOUN,Inan,Sing,Dat,Neut,DET,,,,,7,0
150,NOUN,Inan,Sing,Nom,Masc,DET,,,,,7,0
151,NOUN,Inan,Sing,Gen,Neut,PRON,Plur,3.0,Acc,,2,0
152,NOUN,Inan,Plur,Gen,Fem,PRON,Plur,3.0,Acc,,16,1
153,NOUN,Inan,Plur,Gen,Fem,PRON,Plur,3.0,Acc,,9,1
154,NOUN,Inan,Plur,Acc,Masc,PRON,Plur,3.0,Acc,,4,1
155,NOUN,Inan,Plur,Gen,Fem,PRON,Plur,3.0,Acc,,4,1
156,CCONJ,,,,,PRON,Plur,3.0,Acc,,4,1
157,CCONJ,,,,,PRON,Plur,3.0,Acc,,4,1
158,ADP,,,,,PRON,Plur,3.0,Acc,,19,1
159,VERB,,Plur,,,PRON,Plur,3.0,Acc,,10,1
160,PUNCT,,,,,PRON,Plur,3.0,Acc,,2,1
161,PUNCT,,,,,PRON,Plur,3.0,Acc,,5,1
162,NOUN,Inan,Sing,Gen,Masc,PRON,Plur,3.0,Acc,,8,1
163,ADJ,,Plur,Gen,,PRON,Plur,3.0,Acc,,8,1
164,ADP,,,,,PRON,Plur,3.0,Acc,,7,1
165,NOUN,Inan,Sing,Gen,Fem,DET,,,,,9,0
166,NOUN,Inan,Plur,Nom,Masc,PRON,Plur,3.0,Nom,,6,0
167,NOUN,Inan,Sing,Loc,Fem,DET,,,,,8,0
168,NOUN,Inan,Sing,Gen,Fem,PRON,Plur,3.0,Acc,,9,0
169,NOUN,Inan,Sing,Acc,Fem,DET,,,,,10,0
170,NOUN,Anim,Sing,Acc,Masc,DET,,,,,5,0
171,NOUN,Inan,Sing,Gen,Neut,PRON,Plur,3.0,Nom,,5,0
172,NOUN,Inan,Plur,Gen,Fem,PRON,Plur,3.0,Acc,,4,0
173,NOUN,Inan,Sing,Acc,Fem,DET,,,,,1,0
174,NOUN,Inan,Plur,Ins,Masc,PRON,Plur,3.0,Acc,,6,0
175,NOUN,Inan,Sing,Nom,Fem,DET,,,,,3,0
176,NOUN,Inan,Sing,Acc,Fem,DET,,,,,3,0
177,NOUN,Inan,Sing,Gen,Neut,DET,,,,,4,0
178,NOUN,Inan,Sing,Nom,Fem,PRON,Sing,3.0,Nom,Fem,15,1
179,VERB,,Sing,,,PRON,Sing,3.0,Nom,Fem,28,1
180,NOUN,Inan,Sing,Nom,Fem,PRON,Sing,3.0,Nom,Fem,13,1
181,NOUN,Inan,Plur,Nom,Masc,PRON,Sing,3.0,Nom,Fem,9,1
182,NOUN,Inan,Plur,Acc,Masc,PRON,Sing,3.0,Nom,Fem,9,1
183,ADJ,,Plur,Nom,,PRON,Sing,3.0,Nom,Fem,5,1
184,NOUN,Inan,Plur,Acc,Fem,PRON,Sing,3.0,Nom,Fem,3,1
185,NOUN,Inan,Plur,Gen,Masc,PRON,Plur,3.0,Acc,,9,0
186,NOUN,Inan,Sing,Nom,Neut,PRON,Sing,3.0,Gen,Masc,9,0
187,NOUN,Inan,Sing,Gen,Masc,PRON,Sing,3.0,Nom,Fem,6,0
188,NOUN,Inan,Plur,Ins,Masc,PRON,Sing,3.0,Gen,Masc,7,0
189,NOUN,Inan,Plur,Acc,Neut,PRON,Plur,3.0,Acc,,9,0
190,NOUN,Inan,Sing,Nom,Masc,PRON,Sing,3.0,Gen,Masc,3,0
191,NOUN,Inan,Plur,Loc,Masc,PRON,Sing,3.0,Nom,Fem,6,0
192,NOUN,Inan,Plur,Acc,Fem,DET,,,,,4,1
193,NOUN,Anim,Sing,Acc,Masc,DET,,,,,3,1
194,PROPN,Inan,Sing,Gen,Fem,DET,,,,,13,1
195,NOUN,Inan,Sing,Nom,Fem,DET,,,,,8,1
196,NOUN,Inan,Sing,Nom,Fem,DET,,,,,14,1
197,ADV,,,,,DET,,,,,11,1
198,NOUN,Inan,Sing,Gen,Fem,DET,,,,,5,1
199,NOUN,Inan,Sing,Acc,Masc,DET,,,,,4,1
200,NOUN,Inan,Plur,Acc,Masc,DET,,,,,3,1
201,NOUN,Inan,Sing,Loc,Fem,DET,,,,,8,1
202,PROPN,Inan,Sing,Gen,Fem,DET,,,,,3,1
203,ADP,,,,,DET,,,,,2,1
204,NOUN,Inan,Sing,Acc,Fem,DET,,,,,7,1
205,NOUN,Inan,Sing,Gen,Fem,DET,,,,,2,1
206,NOUN,Inan,Plur,Gen,Masc,DET,,,,,3,1
207,NOUN,Inan,Sing,Gen,Fem,DET,,,,,10,1
208,NOUN,Inan,Sing,Gen,Fem,DET,,,,,14,1
209,NOUN,Inan,Sing,Gen,Neut,DET,,,,,20,1
210,NOUN,Inan,Plur,Ins,Masc,DET,,,,,2,1
211,NOUN,Inan,Plur,Ins,Masc,DET,,,,,3,1
212,NOUN,Inan,Sing,Gen,Neut,DET,,,,,14,1
213,NOUN,Inan,Sing,Acc,Masc,DET,,,,,10,1
214,NOUN,Inan,Plur,Gen,Masc,DET,,,,,3,1
215,NOUN,Inan,Sing,Gen,Fem,DET,,,,,3,0
216,NOUN,Inan,Sing,Nom,Fem,DET,,,,,4,0
217,NOUN,Inan,Sing,Gen,Fem,DET,,,,,6,0
218,NOUN,Inan,Sing,Gen,Fem,DET,,,,,2,0
219,NOUN,Inan,Plur,Gen,Fem,DET,,,,,2,0
220,NOUN,Inan,Sing,Loc,Neut,PRON,Plur,3.0,Acc,,9,0
221,NOUN,Inan,Sing,Loc,Fem,PRON,Sing,3.0,Nom,Fem,5,0
222,NOUN,Inan,Sing,Nom,Masc,DET,,,,,3,0
223,NOUN,Inan,Plur,Gen,Masc,PRON,Sing,3.0,Nom,Fem,2,0
224,NOUN,Inan,Sing,Gen,Neut,DET,,,,,1,0
225,NOUN,Inan,Sing,Loc,Masc,DET,,,,,4,0
226,NOUN,Inan,Plur,Acc,Masc,DET,,,,,9,0
227,NOUN,Inan,Plur,Gen,Fem,PRON,Sing,3.0,Nom,Fem,5,0
228,NOUN,Inan,Sing,Loc,Neut,DET,,,,,1,0
229,NOUN,Inan,Sing,Acc,Neut,DET,,,,,8,0
230,NOUN,Inan,Sing,Nom,Fem,DET,,,,,3,0
231,NOUN,Inan,Sing,Ins,Neut,DET,,,,,9,0
232,NOUN,Inan,Sing,Gen,Fem,DET,,,,,1,0
233,NOUN,Inan,Sing,Gen,Fem,DET,,,,,1,0
234,NOUN,Inan,Sing,Loc,Masc,PRON,Plur,3.0,Acc,,4,0
235,NOUN,Inan,Sing,Gen,Fem,DET,,,,,6,0
236,NOUN,Inan,Sing,Nom,Fem,PRON,Sing,3.0,Dat,Masc,9,0
237,NOUN,Inan,Plur,Gen,Masc,DET,,,,,7,0
238,NOUN,Inan,Sing,Gen,Neut,PRON,Plur,3.0,Nom,,11,1
239,NOUN,Inan,Plur,Loc,Masc,PRON,Plur,3.0,Nom,,3,1
240,NOUN,Inan,Plur,Gen,Fem,PRON,Plur,3.0,Nom,,4,1
241,NUM,,,,,PRON,Plur,3.0,Nom,,6,1
242,NOUN,Anim,Plur,Nom,Masc,PRON,Plur,3.0,Nom,,5,1
243,VERB,,Sing,,Fem,PRON,Plur,3.0,Nom,,15,1
244,VERB,,Sing,,Fem,DET,,,,,25,1
245,NOUN,Inan,Sing,Loc,Neut,PRON,Sing,3.0,Nom,Fem,2,0
246,NOUN,Anim,Plur,Nom,Masc,PRON,Sing,3.0,Ins,Fem,3,0
247,NOUN,Inan,Sing,Acc,Fem,DET,,,,,1,0
248,NOUN,Inan,Sing,Gen,Fem,PRON,Plur,3.0,Nom,,1,0
249,NOUN,Inan,Sing,Gen,Fem,PRON,Plur,3.0,Nom,,3,0
250,NOUN,Inan,Sing,Gen,Neut,PRON,Sing,3.0,Nom,Fem,7,0
251,NOUN,Inan,Sing,Gen,Fem,PRON,Plur,3.0,Nom,,8,0
252,NOUN,Anim,Plur,Gen,Masc,PRON,Plur,3.0,Acc,,8,1
253,NOUN,Inan,Plur,Acc,Fem,PRON,Plur,3.0,Acc,,1,1
254,NOUN,Anim,Plur,Gen,Masc,PRON,Plur,3.0,Acc,,3,1
255,NOUN,Anim,Plur,Gen,Fem,PRON,Plur,3.0,Acc,,7,1
256,NOUN,Inan,Sing,Ins,Fem,PRON,Plur,3.0,Acc,,6,1
257,NOUN,Inan,Plur,Gen,Masc,PRON,Plur,3.0,Acc,,2,1
258,NOUN,Inan,Sing,Gen,Neut,PRON,Plur,3.0,Acc,,5,1
259,VERB,,Sing,,,PRON,Plur,3.0,Acc,,9,1
260,NOUN,Inan,Sing,Gen,Neut,PRON,Plur,3.0,Acc,,7,1
261,ADJ,,Sing,Gen,Fem,PRON,Plur,3.0,Acc,,1,1
262,NOUN,Anim,Plur,Loc,Masc,PRON,Plur,3.0,Acc,,14,1
263,NOUN,Inan,Sing,Nom,Masc,PRON,Plur,3.0,Acc,,13,1
264,NOUN,Inan,Sing,Gen,Neut,PRON,Plur,3.0,Acc,,4,1
265,NOUN,Inan,Sing,Ins,Fem,PRON,Plur,3.0,Acc,,3,1
266,NOUN,Inan,Sing,Gen,Masc,PRON,Plur,3.0,Acc,,1,1
267,NOUN,Inan,Plur,Gen,Masc,PRON,Plur,3.0,Acc,,2,1
268,NOUN,Inan,Plur,Acc,Masc,PRON,Plur,3.0,Acc,,10,1
269,NOUN,Inan,Sing,Nom,Masc,PRON,Plur,3.0,Acc,,5,1
270,NOUN,Inan,Plur,Nom,Fem,PRON,Plur,3.0,Acc,,5,1
271,NOUN,Anim,Sing,Nom,Masc,PRON,Plur,3.0,Acc,,6,1
272,NOUN,Anim,Plur,Nom,Masc,PRON,Plur,3.0,Acc,,2,1
273,NOUN,Inan,Sing,Gen,Fem,PRON,Plur,3.0,Acc,,2,1
274,NOUN,Inan,Sing,Nom,Neut,PRON,Plur,3.0,Acc,,2,1
275,NOUN,Inan,Sing,Gen,Fem,PRON,Plur,3.0,Acc,,2,1
276,NOUN,Anim,Plur,Nom,Masc,PRON,Plur,3.0,Acc,,11,1
277,NOUN,Anim,Plur,Gen,Masc,PRON,Plur,3.0,Acc,,3,1
278,NOUN,Inan,Plur,Loc,Masc,PRON,Plur,3.0,Acc,,9,1
279,NOUN,Inan,Plur,Gen,Fem,PRON,Plur,3.0,Acc,,4,1
280,NOUN,Inan,Sing,Nom,Fem,PRON,Plur,3.0,Acc,,4,1
281,NOUN,Inan,Plur,Gen,Masc,PRON,Plur,3.0,Acc,,4,1
282,NOUN,Inan,Sing,Gen,Neut,NOUN,Plur,,Nom,Neut,8,0
283,NOUN,Inan,Sing,Gen,Fem,ADP,,,,,4,0
284,NOUN,Inan,Sing,Acc,Masc,ADJ,Plur,,Loc,,6,0
285,NOUN,Inan,Sing,Gen,Masc,NOUN,Sing,,Acc,Neut,7,0
286,NOUN,Inan,Plur,Loc,Masc,ADJ,Sing,,Gen,Fem,6,0
287,NOUN,Anim,Plur,Loc,Masc,VERB,Sing,,,Fem,5,0
288,NOUN,Inan,Sing,Acc,Neut,DET,Plur,,Nom,,1,0
289,NOUN,Inan,Sing,Acc,Neut,VERB,Sing,3.0,,,4,0
290,NOUN,Inan,Sing,Loc,Masc,PUNCT,,,,,5,0
291,NOUN,Inan,Plur,Dat,Neut,VERB,Plur,,,,5,0
292,NOUN,Inan,Sing,Nom,Masc,PRON,Plur,3.0,Acc,,8,0
293,NOUN,Inan,Plur,Acc,Fem,ADJ,Plur,,Loc,,2,0
294,NOUN,Inan,Sing,Gen,Masc,PRON,Plur,3.0,Acc,,4,0
295,NOUN,Inan,Plur,Nom,Masc,ADP,,,,,1,0
296,NOUN,Inan,Sing,Gen,Neut,NOUN,Sing,,Gen,Fem,6,0
297,NOUN,Inan,Sing,Gen,Fem,ADP,,,,,3,0
298,NOUN,Inan,Sing,Nom,Fem,ADP,,,,,10,0
299,NOUN,Anim,Sing,Gen,Masc,NOUN,Sing,,Gen,Neut,6,0
300,NOUN,Inan,Sing,Gen,Fem,PRON,Plur,3.0,Acc,,4,0
301,NOUN,Inan,Sing,Gen,Neut,PUNCT,,,,,4,0
302,NOUN,Inan,Sing,Nom,Masc,ADJ,Sing,,Gen,Fem,8,0
303,NOUN,Inan,Sing,Gen,Masc,ADP,,,,,8,0
304,NOUN,Inan,Sing,Gen,Neut,ADJ,Sing,,Gen,Fem,4,0
305,NOUN,Inan,Plur,Dat,Neut,ADV,,,,,10,0
306,NOUN,Anim,Sing,Nom,Neut,NOUN,Sing,,Acc,Neut,8,0
307,NOUN,Inan,Sing,Loc,Neut,NOUN,Sing,,Gen,Neut,3,0
308,NOUN,Anim,Sing,Nom,Masc,ADJ,Sing,,Nom,Masc,8,0
309,NOUN,Inan,Sing,Gen,Fem,ADP,,,,,1,0
310,NOUN,Inan,Sing,Gen,Fem,VERB,Plur,,,,3,0
311,NOUN,Inan,Sing,Gen,Masc,PRON,Sing,3.0,Acc,Fem,10,0
312,NOUN,Inan,Plur,Gen,Masc,PRON,Plur,3.0,Acc,,2,1
313,NOUN,Inan,Plur,Ins,Masc,PRON,Plur,3.0,Acc,,7,1
314,NOUN,Inan,Sing,Acc,Fem,PRON,Plur,3.0,Acc,,5,1
315,NOUN,Inan,Sing,Gen,Fem,PRON,Plur,3.0,Acc,,1,1
316,NOUN,Inan,Sing,Nom,Fem,PRON,Plur,3.0,Acc,,16,1
317,PUNCT,,,,,PRON,Plur,3.0,Acc,,3,1
318,VERB,,Plur,,,PRON,Plur,3.0,Acc,,3,1
319,SYM,,,,,PRON,Plur,3.0,Acc,,9,1
320,VERB,,Sing,,,PRON,Plur,3.0,Acc,,4,1
321,PUNCT,,,,,PRON,Plur,3.0,Acc,,27,1
322,ADP,,,,,PRON,Plur,3.0,Acc,,7,1
323,PUNCT,,,,,PRON,Plur,3.0,Acc,,2,1
324,NOUN,Inan,Plur,Gen,Masc,PRON,Plur,3.0,Acc,,7,1
325,PRON,,Plur,Acc,,PRON,Plur,3.0,Acc,,2,1
326,ADV,,,,,PRON,Plur,3.0,Acc,,6,1
327,PUNCT,,,,,PRON,Plur,3.0,Acc,,5,1
328,NOUN,Inan,Plur,Gen,Neut,PRON,Plur,3.0,Acc,,8,1
329,NOUN,Inan,Sing,Gen,Fem,PRON,Plur,3.0,Acc,,7,1
330,ADP,,,,,PRON,Plur,3.0,Acc,,5,1
331,PUNCT,,,,,PRON,Plur,3.0,Acc,,6,1
332,NOUN,Inan,Sing,Gen,Fem,PRON,Plur,3.0,Acc,,1,1
333,PRON,,Plur,Acc,,PRON,Plur,3.0,Acc,,2,1
334,PRON,,Plur,Acc,,PRON,Plur,3.0,Acc,,2,1
335,NOUN,Inan,Sing,Gen,Fem,PRON,Sing,3.0,Nom,Fem,8,0
336,NOUN,Inan,Plur,Gen,Fem,PRON,Sing,3.0,Ins,Fem,1,0
337,NOUN,Inan,Sing,Nom,Neut,PRON,Sing,3.0,Nom,Fem,6,0
338,NOUN,Inan,Sing,Acc,Fem,PRON,Sing,3.0,Ins,Fem,9,0
339,NOUN,Inan,Plur,Gen,Neut,PRON,Plur,3.0,Acc,,6,0
340,NOUN,Inan,Sing,Nom,Fem,DET,,,,,2,0
341,NOUN,Inan,Sing,Gen,Fem,PRON,Plur,3.0,Nom,,8,0
342,NOUN,Inan,Sing,Acc,Fem,PRON,Plur,3.0,Nom,,4,0
343,NOUN,Inan,Sing,Loc,Fem,PRON,Plur,3.0,Acc,,5,0
344,NOUN,Inan,Sing,Nom,Fem,PRON,Sing,3.0,Acc,Fem,6,0
345,NOUN,Inan,Sing,Gen,Neut,PRON,Plur,3.0,Acc,,5,0
346,NOUN,Inan,Sing,Loc,Fem,PRON,Plur,3.0,Acc,,5,0
347,NOUN,Inan,Sing,Gen,Fem,PRON,Plur,3.0,Acc,,5,0
348,NOUN,Inan,Plur,Ins,Fem,ADJ,Plur,,Ins,,7,0
349,NOUN,Inan,Plur,Gen,Masc,ADJ,Plur,,Ins,,2,0
350,NOUN,Anim,Sing,Gen,Fem,PRON,Plur,3.0,Acc,,6,0
351,NOUN,Inan,Plur,Acc,Fem,PRON,Plur,3.0,Acc,,7,0
352,NOUN,Anim,Sing,Nom,Masc,PRON,Plur,3.0,Acc,,6,0
353,NOUN,Inan,Plur,Nom,Masc,PRON,Plur,3.0,Acc,,9,0
354,NOUN,Inan,Plur,Gen,Masc,PRON,Plur,3.0,Nom,,8,0
355,NOUN,Inan,Sing,Loc,Fem,PRON,Plur,3.0,Acc,,6,0
356,NOUN,Inan,Sing,Acc,Fem,DET,,,,,6,0
357,NOUN,Inan,Plur,Nom,Masc,PRON,Sing,3.0,Acc,Fem,10,0
358,ADJ,,Plur,Gen,,PRON,Plur,3.0,Acc,,4,1
359,NOUN,Inan,Plur,Gen,Fem,PRON,Plur,3.0,Acc,,10,1
360,PRON,Inan,Sing,Gen,Neut,PRON,Plur,3.0,Acc,,8,1
361,VERB,,Plur,,,PRON,Plur,3.0,Acc,,18,1
362,NOUN,Inan,Plur,Nom,Fem,PRON,Plur,3.0,Acc,,11,1
363,NOUN,Inan,Plur,Gen,Masc,PRON,Plur,3.0,Acc,,4,1
364,NOUN,Inan,Plur,Gen,Fem,PRON,Plur,3.0,Acc,,12,1
365,PRON,,Sing,Gen,Masc,PRON,Plur,3.0,Acc,,11,1
366,NOUN,Inan,Sing,Gen,Neut,PRON,Sing,3.0,Gen,Masc,1,0
367,NOUN,Inan,Plur,Gen,Neut,PRON,Plur,3.0,Acc,,6,0
368,NOUN,Inan,Sing,Gen,Fem,PRON,Sing,3.0,Gen,Masc,5,0
369,NOUN,Inan,Plur,Gen,Fem,DET,,,,,2,0
370,NOUN,Inan,Plur,Dat,Fem,DET,,,,,3,0
371,NOUN,Inan,Sing,Gen,Fem,DET,,,,,8,0
372,NOUN,Inan,Sing,Loc,Fem,PRON,Sing,3.0,Gen,Masc,5,0
373,NOUN,Inan,Sing,Ins,Masc,PRON,Plur,3.0,Gen,,10,0
374,ADJ,,Sing,Nom,Masc,PRON,Plur,3.0,Nom,,3,1
375,NOUN,Inan,Plur,Nom,Neut,PRON,Plur,3.0,Nom,,2,1
376,NOUN,Inan,Plur,Nom,Masc,PRON,Plur,3.0,Nom,,9,1
377,NOUN,Inan,Plur,Gen,Masc,PRON,Plur,3.0,Nom,,5,1
378,NOUN,Inan,Plur,Gen,Neut,PRON,Plur,3.0,Nom,,6,1
379,NOUN,Inan,Sing,Nom,Neut,PRON,Plur,3.0,Nom,,2,1
380,NOUN,Inan,Sing,Nom,Neut,PRON,Plur,3.0,Acc,,12,1
381,NOUN,Anim,Plur,Nom,Masc,PRON,Plur,3.0,Nom,,13,1
382,ADV,,,,,PRON,Plur,3.0,Nom,,8,1
383,NOUN,Inan,Sing,Gen,Masc,PRON,Plur,3.0,Nom,,4,1
384,NOUN,Inan,Sing,Nom,Fem,PRON,Plur,3.0,Nom,,13,1
385,ADJ,Inan,Sing,Acc,Masc,PRON,Plur,3.0,Nom,,2,1
386,NOUN,Inan,Sing,Gen,Neut,PRON,Plur,3.0,Nom,,4,1
387,NOUN,Inan,Plur,Gen,Neut,PRON,Plur,3.0,Nom,,3,1
388,NOUN,Anim,Plur,Nom,Masc,PRON,Plur,3.0,Nom,,1,1
389,NOUN,Inan,Sing,Nom,Masc,PRON,Plur,3.0,Nom,,8,1
390,NOUN,Inan,Sing,Gen,Fem,PRON,Plur,3.0,Nom,,4,1
391,NOUN,Inan,Plur,Nom,Masc,PRON,Plur,3.0,Nom,,24,1
392,NOUN,Inan,Sing,Nom,Fem,PRON,Plur,3.0,Nom,,13,1
393,NOUN,Inan,Sing,Nom,Fem,PRON,Plur,3.0,Nom,,1,1
394,DET,,Plur,Nom,,PRON,Plur,3.0,Nom,,8,1
395,NOUN,Inan,Plur,Nom,Neut,PRON,Plur,3.0,Nom,,1,1
396,NOUN,Inan,Sing,Gen,Neut,PRON,Plur,3.0,Nom,,6,1
397,NOUN,Inan,Sing,Gen,Fem,PRON,Plur,3.0,Nom,,2,1
398,ADJ,,Sing,Gen,Neut,PRON,Plur,3.0,Nom,,3,1
399,NOUN,Inan,Sing,Nom,Neut,PRON,Plur,3.0,Nom,,11,1
400,PUNCT,,,,,PRON,Plur,3.0,Nom,,12,1
401,PUNCT,,,,,PRON,Plur,3.0,Acc,,18,1
402,PUNCT,,,,,PRON,Plur,3.0,Nom,,13,1
403,NOUN,Inan,Plur,Gen,Fem,PRON,Plur,3.0,Nom,,2,1
404,PROPN,Inan,Sing,Gen,Fem,PRON,Plur,3.0,Nom,,2,1
405,,,,,,PRON,Plur,3.0,Nom,,7,1
406,ADV,,,,,PRON,Plur,3.0,Nom,,3,1
407,NOUN,Inan,Sing,Nom,Neut,DET,,,,,1,0
408,NOUN,Inan,Sing,Dat,Fem,DET,,,,,9,0
409,NOUN,Inan,Plur,Nom,Fem,DET,,,,,8,0
410,NOUN,Inan,Sing,Gen,Masc,PRON,Plur,3.0,Nom,,9,0
411,NOUN,Inan,Plur,Gen,Neut,PUNCT,,,,,10,0
412,NOUN,Inan,Sing,Gen,Fem,PRON,Plur,3.0,Nom,,9,0
413,NOUN,Inan,Plur,Gen,Neut,PUNCT,,,,,7,0
414,NOUN,Anim,Plur,Loc,Masc,DET,,,,,9,0
415,NOUN,Inan,Sing,Gen,Masc,PRON,Plur,3.0,Acc,,5,0
416,NOUN,Inan,Sing,Gen,Fem,PRON,Plur,3.0,Acc,,2,0
417,NOUN,Inan,Sing,Nom,Neut,PRON,Plur,3.0,Acc,,1,0
418,NOUN,Inan,Plur,Gen,Masc,PRON,Plur,3.0,Nom,,1,0
419,NOUN,Inan,Sing,Loc,Fem,PRON,Plur,3.0,Acc,,9,0
420,NOUN,Inan,Sing,Loc,Masc,PUNCT,,,,,8,0
421,NOUN,Inan,Sing,Gen,Fem,PUNCT,,,,,2,0
422,NOUN,Inan,Sing,Gen,Fem,PRON,Plur,3.0,Acc,,7,0
423,NOUN,Inan,Sing,Gen,Neut,PRON,Plur,3.0,Nom,,7,0
424,NOUN,Inan,Plur,Gen,Masc,CCONJ,,,,,2,0
425,NOUN,Anim,Plur,Acc,Masc,PRON,Plur,3.0,Nom,,3,0
426,NOUN,Inan,Sing,Nom,Masc,PUNCT,,,,,5,0
427,NOUN,Inan,Sing,Gen,Neut,CCONJ,,,,,6,0
428,NOUN,Inan,Sing,Acc,Neut,PRON,Plur,3.0,Acc,,4,0
429,NOUN,Inan,Sing,Nom,Fem,DET,,,,,8,0
430,NOUN,Inan,Sing,Loc,Neut,PRON,Plur,3.0,Acc,,7,0
431,NOUN,Inan,Sing,Acc,Fem,PUNCT,,,,,2,0
432,NOUN,Inan,Sing,Nom,Masc,NOUN,Sing,,Gen,Neut,10,0
433,NOUN,Inan,Sing,Gen,Fem,PUNCT,,,,,8,0
434,NOUN,Inan,Plur,Nom,Fem,PRON,Plur,3.0,Nom,,6,0
435,NOUN,Inan,Sing,Acc,Fem,PRON,Plur,3.0,Gen,,6,0
436,NOUN,Inan,Sing,Ins,Masc,PRON,Plur,3.0,Nom,,5,0
437,NOUN,Inan,Sing,Ins,Fem,PRON,Plur,3.0,Nom,,2,0
438,NOUN,Inan,Plur,Gen,Masc,PRON,Plur,3.0,Acc,,9,0
439,NOUN,Inan,Sing,Gen,Fem,PRON,Plur,3.0,Nom,,8,0
440,ADV,,,,,PRON,Plur,3.0,Gen,,15,1
441,NOUN,Inan,Plur,Gen,Fem,PRON,Plur,3.0,Gen,,6,1
442,NOUN,Inan,Plur,Gen,Fem,PRON,Plur,3.0,Gen,,2,1
443,NOUN,Inan,Sing,Acc,Masc,PRON,Plur,3.0,Gen,,17,1
444,NOUN,Inan,Sing,Gen,Masc,PRON,Plur,3.0,Gen,,17,1
445,NOUN,Inan,Sing,Gen,Fem,PRON,Plur,3.0,Gen,,4,1
446,NOUN,Inan,Sing,Gen,Fem,PRON,Plur,3.0,Gen,,9,1
447,PRON,,Plur,Gen,,PRON,Plur,3.0,Gen,,18,1
448,PRON,,Plur,Gen,,PRON,Plur,3.0,Acc,,25,1
449,NOUN,Inan,Sing,Ins,Masc,PRON,Plur,3.0,Gen,,7,1
450,CCONJ,,,,,PRON,Plur,3.0,Gen,,3,1
451,CCONJ,,,,,PRON,Plur,3.0,Acc,,5,1
452,ADP,,,,,PRON,Plur,3.0,Gen,,8,1
453,PUNCT,,,,,PRON,Plur,3.0,Gen,,2,1
454,CCONJ,,,,,PRON,Plur,3.0,Gen,,3,1
455,NOUN,Inan,Sing,Gen,Neut,PRON,Plur,3.0,Gen,,4,1
456,NOUN,Inan,Sing,Gen,Neut,NOUN,Sing,,Nom,Masc,9,0
457,NOUN,Inan,Plur,Gen,Fem,PRON,Sing,3.0,Loc,Masc,8,0
458,NOUN,Inan,Sing,Nom,Neut,NOUN,Sing,,Gen,Fem,8,0
459,NOUN,Inan,Sing,Gen,Neut,PRON,Plur,3.0,Acc,,9,0
460,NOUN,Inan,Sing,Gen,Neut,DET,,,,,9,0
461,NOUN,Inan,Plur,Ins,Masc,PRON,Plur,3.0,Gen,,8,0
462,NOUN,Inan,Sing,Gen,Neut,DET,,,,,6,0
463,NOUN,Inan,Sing,Acc,Fem,PRON,Plur,3.0,Acc,,8,0
464,NOUN,Inan,Sing,Ins,Masc,PRON,Sing,3.0,Gen,Masc,5,0
465,NOUN,Inan,Plur,Gen,Fem,NOUN,Sing,,Gen,Fem,9,0
466,NOUN,Inan,Sing,Ins,Fem,ADJ,Sing,,Gen,Fem,1,0
467,NOUN,Inan,Sing,Gen,Fem,PRON,Sing,3.0,Nom,Masc,5,0
468,NOUN,Inan,Plur,Loc,Masc,ADP,,,,,6,0
469,NOUN,Anim,Plur,Dat,Fem,PRON,Plur,3.0,Gen,,8,0
470,NOUN,Inan,Sing,Gen,Neut,NOUN,Sing,,Gen,Fem,4,0
471,NOUN,Inan,Sing,Acc,Fem,ADP,,,,,8,0
472,NOUN,Inan,Sing,Gen,Masc,PRON,Sing,3.0,Gen,Masc,2,1
473,NOUN,Inan,Sing,Gen,Masc,PRON,Sing,3.0,Gen,Masc,5,1
474,NOUN,Inan,Sing,Gen,Masc,PRON,Sing,3.0,Gen,Masc,2,1
475,NOUN,Inan,Sing,Gen,Masc,PRON,Sing,3.0,Gen,Masc,2,1
476,NOUN,Inan,Sing,Gen,Masc,PRON,Sing,3.0,Gen,Masc,2,1
477,NOUN,Inan,Plur,Gen,Fem,PRON,Sing,3.0,Gen,Masc,14,1
478,NOUN,Inan,Sing,Gen,Fem,PRON,Sing,3.0,Gen,Masc,6,1
479,NOUN,Inan,Sing,Gen,Masc,PRON,Sing,3.0,Gen,Masc,1,1
480,NOUN,Inan,Sing,Nom,Neut,PRON,Sing,3.0,Gen,Masc,10,1
481,NOUN,Inan,Sing,Nom,Neut,DET,,,,,12,1
482,NOUN,Inan,Plur,Gen,Masc,PRON,Sing,3.0,Gen,Masc,3,1
483,ADJ,Inan,Sing,Acc,Masc,PRON,Sing,3.0,Gen,Masc,3,1
484,NOUN,Inan,Sing,Gen,Fem,PRON,Sing,3.0,Gen,Masc,4,1
485,NOUN,Inan,Plur,Gen,Masc,PRON,Sing,3.0,Gen,Masc,2,1
486,NOUN,Inan,Sing,Gen,Neut,PRON,Sing,3.0,Gen,Masc,10,1
487,NOUN,Inan,Plur,Gen,Fem,PRON,Sing,3.0,Gen,Masc,5,1
488,NOUN,Inan,Sing,Gen,Masc,DET,,,,,4,0
489,NOUN,Anim,Plur,Nom,Masc,DET,,,,,1,0
490,NOUN,Inan,Sing,Nom,Neut,DET,,,,,9,0
491,NOUN,Inan,Sing,Gen,Fem,DET,,,,,9,0
492,NOUN,Inan,Sing,Gen,Fem,DET,,,,,1,0
493,NOUN,Inan,Sing,Nom,Neut,DET,,,,,8,0
494,NOUN,Inan,Sing,Loc,Masc,ADV,,,,,4,0
495,NOUN,Inan,Sing,Gen,Neut,PRON,Plur,3.0,Dat,,7,0
496,NOUN,Inan,Sing,Gen,Masc,PRON,Plur,3.0,Acc,,7,0
497,NOUN,Inan,Sing,Dat,Neut,DET,,,,,2,0
498,NOUN,Inan,Sing,Nom,Neut,DET,,,,,3,0
499,NOUN,Inan,Sing,Gen,Fem,PRON,Plur,3.0,Dat,,5,0
500,NOUN,Anim,Plur,Nom,Masc,PRON,Plur,3.0,Acc,,3,0
501,NOUN,Inan,Sing,Gen,Neut,DET,,,,,1,0
502,NOUN,Inan,Plur,Nom,Fem,PRON,Plur,3.0,Acc,,6,0
503,NOUN,Inan,Sing,Nom,Neut,PRON,Plur,3.0,Dat,,10,0
504,NOUN,Inan,Sing,Gen,Neut,PRON,Plur,3.0,Nom,,5,1
505,NOUN,Inan,Plur,Nom,Fem,PRON,Plur,3.0,Nom,,12,1
506,NOUN,Inan,Plur,Nom,Masc,PRON,Plur,3.0,Nom,,14,1
507,NOUN,Inan,Sing,Gen,Fem,PRON,Plur,3.0,Nom,,6,1
508,NOUN,Inan,Sing,Gen,Fem,PRON,Plur,3.0,Nom,,5,1
509,NOUN,Inan,Sing,Gen,Fem,PRON,Plur,3.0,Nom,,3,1
510,NOUN,Inan,Sing,Gen,Fem,PRON,Plur,3.0,Nom,,4,1
511,NOUN,Inan,Sing,Gen,Fem,PRON,Plur,3.0,Nom,,3,1
512,NOUN,Inan,Sing,Ins,Fem,PRON,Plur,3.0,Nom,,2,1
513,NOUN,Inan,Plur,Gen,Masc,PRON,Plur,3.0,Nom,,15,1
514,NOUN,Inan,Sing,Acc,Fem,PRON,Plur,3.0,Nom,,4,1
515,NOUN,Inan,Sing,Gen,Neut,PRON,Plur,3.0,Acc,,8,0
516,NOUN,Inan,Sing,Gen,Neut,DET,,,,,7,0
517,NOUN,Inan,Plur,Gen,Neut,PRON,Plur,3.0,Gen,,10,0
518,NOUN,Inan,Sing,Gen,Masc,DET,,,,,2,0
519,NOUN,Inan,Plur,Gen,Neut,DET,,,,,3,0
520,NOUN,Inan,Sing,Ins,Fem,DET,,,,,2,0
521,NOUN,Inan,Sing,Nom,Fem,ADJ,Sing,,Nom,Neut,4,0
522,NOUN,Inan,Plur,Gen,Neut,PRON,Plur,3.0,Gen,,8,0
523,NOUN,Inan,Sing,Gen,Masc,DET,,,,,6,0
524,NOUN,Inan,Sing,Loc,Masc,DET,,,,,6,0
525,NOUN,Inan,Sing,Nom,Neut,PRON,Plur,3.0,Acc,,5,0
526,NOUN,Inan,Plur,Gen,Neut,PRON,Plur,3.0,Acc,,3,1
527,NOUN,Inan,Plur,Gen,Neut,PRON,Plur,3.0,Acc,,2,1
528,NOUN,Inan,Plur,Acc,Fem,PRON,Plur,3.0,Acc,,3,1
529,ADJ,,Sing,Ins,Fem,PRON,Plur,3.0,Acc,,6,1
530,NOUN,Inan,Sing,Nom,Masc,PRON,Plur,3.0,Acc,,9,1
531,NOUN,Inan,Sing,Gen,Masc,PRON,Plur,3.0,Acc,,3,1
532,NOUN,Inan,Sing,Acc,Masc,PRON,Plur,3.0,Acc,,6,1
533,VERB,,Plur,,,PRON,Plur,3.0,Acc,,2,1
534,ADP,,,,,PRON,Plur,3.0,Acc,,8,1
535,NOUN,Inan,Sing,Nom,Neut,ADP,,,,,3,0
536,NOUN,Inan,Sing,Gen,Fem,PRON,Plur,3.0,Acc,,7,0
537,NOUN,Inan,Sing,Gen,Neut,VERB,Plur,,Acc,,1,0
538,NOUN,Inan,Sing,Nom,Neut,ADP,,,,,4,0
539,NOUN,Inan,Sing,Dat,Fem,ADP,,,,,2,0
540,NOUN,Inan,Sing,Acc,Fem,ADP,,,,,1,0
541,NOUN,Inan,Sing,Acc,Masc,CCONJ,,,,,5,0
542,NOUN,Inan,Plur,Gen,Masc,ADP,,,,,3,0
543,NOUN,Inan,Plur,Nom,Fem,PRON,Plur,3.0,Acc,,10,0
544,NOUN,Inan,Sing,Gen,Masc,DET,,,,,3,1
545,NOUN,Inan,Sing,Gen,Masc,DET,,,,,9,1
546,VERB,,Plur,,,DET,,,,,7,1
547,NOUN,Inan,Plur,Gen,Masc,DET,,,,,2,1
548,NOUN,Inan,Plur,Gen,Neut,PRON,Sing,3.0,Nom,Masc,10,0
549,NOUN,Inan,Sing,Gen,Neut,DET,,,,,8,0
550,NOUN,Inan,Sing,Gen,Fem,PRON,Plur,3.0,Acc,,8,0
551,NOUN,Inan,Sing,Acc,Neut,DET,,,,,4,0
552,NOUN,Anim,Sing,Nom,Masc,DET,,,,,12,1
553,NOUN,Inan,Sing,Gen,Masc,DET,,,,,3,1
554,NOUN,Inan,Sing,Gen,Masc,PRON,Sing,3.0,Dat,Masc,9,1
555,ADJ,,Plur,Nom,,DET,,,,,14,1
556,NOUN,Inan,Sing,Gen,Masc,DET,,,,,2,1
557,NOUN,Inan,Sing,Gen,Fem,DET,,,,,10,1
558,NOUN,Inan,Sing,Gen,Masc,DET,,,,,3,1
559,NOUN,Inan,Sing,Gen,Masc,PRON,Sing,3.0,Dat,Masc,9,1
560,NOUN,Inan,Sing,Acc,Fem,PRON,Plur,3.0,Acc,,4,0
561,NOUN,Anim,Sing,Ins,Fem,DET,,,,,10,0
562,NOUN,Inan,Sing,Acc,Masc,DET,,,,,6,0
563,NOUN,Inan,Plur,Ins,Fem,DET,,,,,3,0
564,NOUN,Inan,Plur,Ins,Fem,DET,,,,,4,0
565,NOUN,Inan,Sing,Gen,Fem,DET,,,,,9,0
566,NOUN,Inan,Sing,Gen,Neut,DET,,,,,5,0
567,NOUN,Inan,Sing,Acc,Fem,DET,,,,,1,0
568,ADJ,,Sing,Nom,Masc,DET,,,,,6,1
569,NOUN,Inan,Plur,Gen,Masc,DET,,,,,10,1
570,NOUN,Inan,Sing,Gen,Neut,DET,,,,,8,1
571,NOUN,Inan,Sing,Gen,Masc,DET,,,,,5,1
572,NOUN,Inan,Plur,Gen,Masc,DET,,,,,2,1
573,ADV,,,,,DET,,,,,5,1
574,NOUN,Inan,Plur,Gen,Masc,DET,,,,,5,1
575,NOUN,Inan,Sing,Gen,Masc,DET,,,,,2,1
576,NOUN,Inan,Sing,Ins,Masc,DET,,,,,9,0
577,NOUN,Inan,Plur,Gen,Neut,PRON,Plur,3.0,Acc,,8,0
578,NOUN,Inan,Sing,Acc,Fem,PRON,Sing,3.0,Gen,Masc,7,0
579,NOUN,Inan,Sing,Gen,Fem,DET,,,,,10,0
580,NOUN,Inan,Sing,Gen,Fem,DET,,,,,4,0
581,NOUN,Inan,Sing,Ins,Fem,DET,,,,,9,0
582,NOUN,Anim,Sing,Nom,Masc,DET,,,,,1,0
583,NOUN,Inan,Plur,Nom,Masc,PRON,Sing,3.0,Gen,Masc,3,0
584,NOUN,Inan,Sing,Gen,Neut,PRON,Sing,3.0,Gen,Masc,2,1
585,NOUN,Inan,Sing,Acc,Masc,PRON,Sing,3.0,Gen,Masc,8,1
586,NOUN,Inan,Plur,Acc,Fem,PRON,Sing,3.0,Gen,Masc,16,1
587,NOUN,Inan,Sing,Nom,Masc,PRON,Sing,3.0,Gen,Masc,11,1
588,NOUN,Inan,Plur,Nom,Fem,PRON,Sing,3.0,Gen,Masc,6,1
589,NOUN,Inan,Plur,Nom,Fem,PRON,Sing,3.0,Gen,Masc,5,1
590,NOUN,Inan,Plur,Gen,Neut,PRON,Sing,3.0,Gen,Masc,2,1
591,NOUN,Inan,Sing,Gen,Fem,PRON,Sing,3.0,Gen,Masc,2,1
592,NOUN,Inan,Sing,Nom,Neut,DET,,,,,1,0
593,NOUN,Inan,Plur,Gen,Fem,PRON,Sing,3.0,Gen,Masc,6,0
594,NOUN,Inan,Sing,Gen,Fem,PRON,Plur,3.0,Acc,,4,0
595,NOUN,Inan,Sing,Ins,Masc,PRON,Sing,3.0,Nom,Masc,3,0
596,NOUN,Inan,Sing,Gen,Masc,DET,,,,,4,0
597,NOUN,Inan,Sing,Gen,Fem,PRON,Sing,3.0,Gen,Masc,3,0
598,NOUN,Inan,Sing,Ins,Masc,DET,,,,,1,0
599,NOUN,Inan,Sing,Loc,Masc,PRON,Plur,3.0,Nom,,5,0
600,NOUN,Inan,Sing,Gen,Fem,DET,,,,,5,1
601,NOUN,Anim,Plur,Loc,Masc,DET,,,,,7,1
602,NOUN,Inan,Sing,Gen,Fem,PRON,Plur,3.0,Gen,,7,0
603,NOUN,Inan,Plur,Ins,Masc,DET,,,,,1,0
604,NOUN,Inan,Sing,Gen,Masc,PRON,Sing,3.0,Loc,Masc,13,1
605,NOUN,Inan,Sing,Loc,Masc,PRON,Sing,3.0,Loc,Masc,4,1
606,NOUN,Inan,Sing,Loc,Masc,DET,,,,,8,1
607,NOUN,Inan,Sing,Ins,Masc,PRON,Sing,3.0,Loc,Masc,11,1
608,NOUN,Inan,Sing,Ins,Masc,DET,,,,,14,1
609,NOUN,Inan,Sing,Acc,Masc,PRON,Sing,3.0,Loc,Masc,5,1
610,NOUN,Inan,Sing,Acc,Masc,DET,,,,,11,1
611,NOUN,Inan,Sing,Nom,Neut,PRON,Sing,3.0,Loc,Masc,7,1
612,NOUN,Inan,Sing,Gen,Masc,PRON,Sing,3.0,Loc,Masc,4,1
613,NOUN,Inan,Sing,Gen,Masc,PRON,Sing,3.0,Loc,Masc,2,1
614,NOUN,Inan,Sing,Nom,Masc,PRON,Sing,3.0,Loc,Masc,12,1
615,NOUN,Anim,Plur,Nom,Masc,PRON,Sing,3.0,Loc,Masc,3,1
616,PUNCT,,,,,PRON,Sing,3.0,Loc,Masc,5,1
617,NOUN,Inan,Sing,Gen,Masc,PRON,Sing,3.0,Loc,Masc,13,1
618,VERB,,,,,PRON,Sing,3.0,Loc,Masc,3,1
619,PUNCT,,,,,PRON,Sing,3.0,Loc,Masc,1,1
620,PUNCT,,,,,PRON,Sing,3.0,Loc,Masc,6,1
621,ADP,,,,,PRON,Sing,3.0,Loc,Masc,3,1
622,ADP,,,,,DET,,,,,12,1
623,NOUN,Inan,Sing,Gen,Fem,DET,,,,,10,0
624,NOUN,Inan,Sing,Nom,Masc,DET,,,,,8,0
625,NOUN,Inan,Plur,Acc,Neut,PRON,Sing,3.0,Ins,Fem,2,0
626,NOUN,Inan,Sing,Nom,Masc,PRON,Sing,3.0,Gen,Masc,7,0
627,NOUN,Inan,Plur,Nom,Fem,DET,,,,,1,0
628,NOUN,Inan,Sing,Nom,Fem,PRON,Sing,3.0,Gen,Masc,10,0
629,NOUN,Inan,Sing,Gen,Neut,PRON,Sing,3.0,Loc,Masc,2,0
630,NOUN,Inan,Sing,Nom,Fem,PRON,Sing,3.0,Gen,Masc,5,0
631,NOUN,Inan,Sing,Gen,Masc,DET,,,,,8,0
632,NOUN,Inan,Sing,Ins,Fem,DET,,,,,1,0
633,NOUN,Inan,Plur,Ins,Masc,DET,,,,,2,0
634,NOUN,Inan,Sing,Gen,Fem,ADJ,Sing,,Acc,Neut,6,0
635,NOUN,Inan,Sing,Acc,Fem,DET,,,,,6,0
636,NOUN,Inan,Sing,Gen,Fem,DET,,,,,2,0
637,NOUN,Inan,Sing,Nom,Masc,DET,,,,,5,0
638,NOUN,Inan,Sing,Acc,Neut,ADV,,,,,2,0
639,NOUN,Inan,Sing,Nom,Masc,PRON,Sing,3.0,Loc,Masc,6,0
640,NOUN,Inan,Sing,Gen,Fem,ADV,,,,,6,0
641,NOUN,Inan,Sing,Gen,Masc,DET,,,,,7,0
642,NOUN,Inan,Plur,Gen,Fem,PRON,Plur,3.0,Gen,,11,1
643,NOUN,Anim,Sing,Gen,Fem,PRON,Plur,3.0,Gen,,6,1
644,NOUN,Inan,Sing,Dat,Fem,PRON,Plur,3.0,Gen,,3,1
645,NOUN,Inan,Sing,Dat,Fem,PRON,Plur,3.0,Gen,,3,1
646,NOUN,Inan,Sing,Dat,Fem,DET,,,,,13,1
647,NOUN,Anim,Sing,Nom,Masc,PRON,Plur,3.0,Gen,,6,1
648,NOUN,Anim,Plur,Dat,Masc,PRON,Plur,3.0,Gen,,13,1
649,NOUN,Inan,Plur,Acc,Masc,PRON,Plur,3.0,Gen,,7,1
650,NOUN,Inan,Sing,Nom,Fem,PRON,Plur,3.0,Gen,,12,1
651,ADJ,Inan,Plur,Acc,,PRON,Plur,3.0,Gen,,3,1
652,ADJ,Inan,Plur,Acc,,DET,,,,,7,1
653,NOUN,Inan,Plur,Gen,Masc,PRON,Plur,3.0,Gen,,2,1
654,NOUN,Anim,Plur,Nom,Masc,PRON,Plur,3.0,Gen,,7,1
655,ADJ,,,,,PRON,Plur,3.0,Gen,,8,1
656,NOUN,Inan,Plur,Gen,Neut,PRON,Plur,3.0,Gen,,13,1
657,NOUN,Inan,Plur,Gen,Neut,DET,,,,,17,1
658,NOUN,Inan,Plur,Gen,Masc,PRON,Plur,3.0,Gen,,7,1
659,NOUN,Inan,Plur,Gen,Masc,DET,,,,,10,1
660,NOUN,Anim,Plur,Nom,Masc,PRON,Plur,3.0,Gen,,14,1
661,NOUN,Anim,Plur,Nom,Masc,DET,,,,,16,1
662,VERB,,Sing,,,PRON,Plur,3.0,Gen,,4,1
663,NOUN,Inan,Sing,Ins,Masc,PRON,Plur,3.0,Gen,,5,1
664,NOUN,Inan,Sing,Gen,Fem,PRON,Plur,3.0,Gen,,3,1
665,ADJ,,Plur,Ins,,PRON,Plur,3.0,Gen,,9,1
666,VERB,,Sing,,,PRON,Plur,3.0,Gen,,10,1
667,NOUN,Anim,Sing,Gen,Fem,PRON,Plur,3.0,Gen,,1,1
668,NOUN,Inan,Sing,Acc,Neut,DET,,,,,1,0
669,NOUN,Anim,Sing,Nom,Masc,PRON,Plur,3.0,Acc,,4,0
670,NOUN,Inan,Sing,Nom,Neut,PRON,Sing,3.0,Nom,Fem,7,0
671,NOUN,Inan,Sing,Nom,Neut,PRON,Plur,3.0,Acc,,2,0
672,NOUN,Inan,Sing,Nom,Masc,DET,,,,,5,0
673,NOUN,Anim,Plur,Nom,Masc,PRON,Sing,3.0,Nom,Fem,10,0
674,NOUN,Inan,Sing,Gen,Neut,DET,,,,,1,0
675,NOUN,Anim,Sing,Nom,Fem,DET,,,,,1,0
676,NOUN,Inan,Sing,Loc,Masc,PRON,Plur,3.0,Nom,,6,0
677,NOUN,Inan,Sing,Acc,Fem,PRON,Sing,3.0,Gen,Masc,1,0
678,NOUN,Inan,Plur,Loc,Masc,PRON,Plur,3.0,Acc,,10,0
679,NOUN,Inan,Sing,Loc,Masc,PRON,Sing,3.0,Gen,Masc,4,0
680,NOUN,Inan,Sing,Gen,Neut,PRON,Sing,3.0,Nom,Fem,4,0
681,NOUN,Inan,Sing,Nom,Masc,PRON,Plur,3.0,Nom,,4,0
682,NOUN,Inan,Sing,Acc,Neut,DET,,,,,4,0
683,NOUN,Inan,Sing,Acc,Fem,PRON,Plur,3.0,Acc,,5,0
684,NOUN,Inan,Plur,Loc,Masc,DET,,,,,6,0
685,NOUN,Inan,Sing,Dat,Neut,DET,,,,,5,0
686,NOUN,Inan,Plur,Loc,Fem,PRON,Plur,3.0,Nom,,4,0
687,NOUN,Anim,Sing,Acc,Masc,PRON,Plur,3.0,Acc,,1,0
688,NOUN,Inan,Sing,Nom,Neut,DET,,,,,1,0
689,NOUN,Inan,Sing,Acc,Fem,PRON,Plur,3.0,Nom,,7,0
690,NOUN,Inan,Sing,Nom,Fem,PRON,Sing,3.0,Gen,Masc,3,0
691,NOUN,Inan,Sing,Nom,Neut,DET,,,,,8,0
692,NOUN,Inan,Sing,Acc,Masc,PRON,Plur,3.0,Acc,,4,0
693,NOUN,Inan,Sing,Nom,Fem,DET,,,,,5,0
